primeval,petrified
called,known
showed,show
swallowing,swallow
constrictors,constrictor
takes,goes
adventures,adventure
managed,manage
coloured,colored
looked,looking
masterpiece,painting
grownups,grown-ups
asked,ask
answered,answer
digesting,skittish
drew,drawing
explained,understood
advised,advise
drawings,paintings
abandoned,abandon
discouraged,discourage
themselves,them
airplanes,planes
served,serving
persons,person
lived,living
hasnt,infrequently
improved,improve
met,meet
seemed,seem
sighted,spotted
tried,trying
showing,seen
ve,nope
responded,respond
forests,forest
talked,talking
neckties,necktie
grownup,grown-ups
passengers,passenger
readied,prepare
repairs,repair
habitation,prehistoric
shipwrecked,sailors
daybreak,dawn
woke,asleep
jumped,fell
struck,hit
rubbed,rubbing
examining,examine
its,their
t,shirt
stared,staring
inhabited,inhabit
repeated,repeat
remembered,remember
mainly,mostly
studied,studying
nt,dollars
replied,yes
redrew,oodles
astounded,horrified
cumbersome,tedious
smiled,smiling
indulgently,indulgent
redid,redo
ones,few
dismantling,destruction
hastily,prepared
sketched,outline
snapped,streak
needs,need
leaned,leaning
revealed,reveal
cried,crying
modestly,modest
peal,bells
misfortunes,misfortune
abruptly,suddenly
didn,nope
shook,shaking
whilst,while
drifted,slipped
lasted,ended
sank,vessel
contemplation,meditation
aroused,arouse
disclosure,disclose
re,election
ll,rapper
don,joe
gravely,seriously
doesn,nope
names,name
hundreds,millions
spotting,spotted
astronomer,physicist
discovers,mysterious
these,are
gives,give
325,approximately
612,million
1909,circa
turkish,turkey
believed,believe
fortunately,nobody
imposed,impose
1920,august
stylishly,stylish
butterflies,insects
geraniums,scented
doves,dove
wouldn,gosh
minds,mind
franc,dollar
existed,exist
laughed,laughing
wants,want
proves,prove
those,all
liked,loved
lightly,sprinkle
recounting,anecdote
paints,paint
pencils,pencil
attempted,attempt
portraits,portrait
lifelike,believable
subjects,subject
colour,color
explanations,explanation
unfortunately,indeed
wandered,wandering
baobabs,nylons
seized,seize
isn,nope
follows,follow
churches,church
baobab,fig
piled,pile
remarked,reviewer
wisely,carefully
secretly,secret
decides,decide
elongates,pliable
grows,grow
timidly,timid
harmless,useless
sprig,thyme
likes,like
recognised,recognize
infested,infestation
pierces,pierced
grooming,shaving
groomed,wed
suggested,suggest
postponing,postpone
leads,lead
neglected,forgotten
moralist,intolerant
risks,risk
skirting,meander
worked,working
aren,ow
couldn,nope
spurred,surge
urgency,necessity
gradually,slowly
softness,weakness
sunsets,gorgeous
chuckled,chuckle
knows,know
suffice,presume
eats,eaten
finds,find
unscrew,fasten
exclaimed,yeah
creatures,creature
frightful,horrifying
interrupted,interrupt
matters,issues
dumbfounded,aghast
relentlessly,relentless
curls,ponytail
red-faced,backstabber
smelled,smell
sums,sum
repeats,repeat
makes,make
realising,realize
blushed,blush
continued,continuing
loves,everybody
specimen,fossil
exists,exist
comforted,comforting
rocked,shaken
muzzle,velocity
i.,joseph
wasn,bugger
decorated,decoration
faded,fade
sprouted,sprout
sprouts,broccoli
began,beginning
witnessed,saw
miraculous,miracle
preparing,prepare
chose,choose
colours,colors
arranged,arrange
rumpled,wrinkled
poppies,poppy
radiance,radiant
flirtatious,playful
having,had
woken,awaken
presentable,palatable
sweetly,wistful
guessed,guess
abashed,aghast
sprinkling,sprinkle
tended,tend
begun,begin
tigers,tiger
objected,opposed
drafts,draft
detests,despise
worlds,world
humiliated,embarrassed
coughed,gobble
inflict,harm
shouldn,mortified
listened,listen
perfumed,scented
confidences,betray
judged,be
deeds,deed
contrivances,trite
swept,sweep
volcanoes,volcano
owned,bought
cleaned,cleaning
steadily,rapidly
eruptions,eruption
volcanic,volcano
fires,fire
pulled,pull
shoots,shoot
watered,proposal
reproaches,alot
stood,standing
bewildered,perplexed
mid,late
anymore,nobody
caterpillars,insects
acquainted,infatuated
seems,seem
naively,naive
decided,decide
asteroids,planets
ermine,robe
ah,boo
recognise,recognize
didnt,presume
simplified,complicated
remained,remain
yawned,inattentive
cant,presume
thoroughly,completely
havent,alot
slept,sleeping
yawning,chasm
yawns,yawn
frightens,frighten
sputtered,listless
vexed,touchy
fundamentally,flawed
insisted,saying
disobedience,protest
orders,order
seabird,pelican
enquired,inquire
majestically,towering
gathered,gather
mantle,yogi
astonished,horrified
sire,stallion
hastened,downfall
pointing,pointed
instantly,suddenly
insubordination,incompetence
seventy,forty
forsaken,thou
plucked,pluck
favour,favor
received,receiving
firmly,keeping
reminded,remind
according,report
favourable,negative
inquired,inquire
consulted,consult
obeyed,obey
regretting,regret
leant,ruminate
judging,selection
rightly,ought
dont,presume
fairly,quite
grieve,mourn
promptly,immediately
hesitated,hesitant
admirer,supporter
admirers,admiration
saluting,salute
acclaim,praise
passes,pass
clapped,clapping
grew,grown
richest,wealthy
shrugging,shrug
drinker,smoker
plunged,plunge
gloomily,aghast
confessed,confess
lowering,raising
concluded,conclude
belonged,belong
arrived,arriving
phew,ugh
balderdash,bullshit
scatterbrain,backstabber
rheumatism,arthritis
realised,realize
owning,ownership
helps,help
reasons,reason
owns,owner
retorted,indignant
grumpily,grouchy
belongs,belong
administer,oversee
recount,counting
opened,opening
altogether,entirely
accommodate,seating
lamplighter,crabby
couldnt,reckon
bringing,bring
puts,comes
sends,send
serves,serve
respectfully,disagree
saluted,salute
sponged,inbetween
changed,changing
turned,turn
spins,spinning
lasts,duration
strides,stride
doesnt,presume
despised,adored
thinks,think
breathed,sigh
missed,misses
wrote,written
sat,sitting
panted,leotards
travelled,traveling
geographer,linguist
seas,sea
rivers,river
towns,town
deserts,arid
glanced,crease
oceans,ocean
wouldnt,doubtless
strolling,stroll
receives,receive
explorers,explorer
asks,ask
writes,journal
recollections,memories
drank,drink
appears,appear
requires,require
became,becoming
sharpened,sharpen
recitals,piano
recorded,album
waits,waiting
provided,provide
recording,studio
prettiest,adorable
ephemeral,fleeting
dated,dating
changes,change
empties,river
itself,it
imminent,inevitable
disappearance,abduction
seventh,sixth
negro,baseball
geographers,geography
businessmen,politicians
drinkers,drink
continents,continent
veritable,gigantic
sixty,forty
lighters,cigarette
movements,movement
regulated,regulate
lamplighters,backstabber
zealand,australia
lamps,lamp
alight,burned
siberia,alaska
indies,cricket
bends,curves
islet,islands
started,start
stirred,stir
courteously,courteous
gazed,gazing
riddles,riddle
crossed,crossing
nondescript,drab
politely,polite
climbed,slipped
happened,happen
walked,walk
sands,sand
dwellings,dwelling
stunned,shocked
appeared,appear
proposed,proposal
tamed,tame
foxes,rabbits
kinds,variety
hunters,hunting
sighed,sigh
footsteps,grandfather
hurrying,hurried
blowing,blown
understands,understand
tames,slutty
misunderstandings,misunderstanding
nearer,closer
happier,happy
rites,ritual
thursdays,noon
vineyards,grapes
danced,dancing
wished,wish
passer,quarterback
sees,says
switchman,coworker
travelers,travel
packs,pack
dispatch,send
brilliantly,brilliant
rumbling,roar
thundered,roar
weren,alot
chasing,chase
squashing,escargot
noses,nose
becomes,become
created,create
experts,expert
calculations,calculation
eighth,sixth
considers,consider
weariness,unhappiness
immensity,emptiness
folds,folded
radiates,radiant
hides,hide
enchantment,magical
depths,depth
moved,moving
locks,lock
trembled,tremble
parted,lips
shines,shine
reached,reach
wells,oil
mere,just
pulley,rope
moaned,moaning
weathervane,unicycle
hoisted,flags
trembling,shaking
produced,produce
sketches,sketch
cabbages,cabbage
pang,fang
occurred,incident
landed,landing
hesitantly,hesitant
reassured,reassure
meters,meter
froze,freeze
skipped,skipping
lowered,raised
leapt,slipped
loosened,loosen
muffler,exhaust
wore,worn
moistened,crumbly
temples,temple
sadly,forgotten
tightly,tight
plummeting,tumbling
abyss,precipice
waited,waiting
reviving,restart
irreparable,harm
guides,guide
scholars,scholar
heals,heal
played,playing
determinedly,easygoing
springs,creek
falls,fall
companions,companion
ate,eaten
shuts,shut
watches,watch
herein,materials
yourselves,yourself
properly,fully
disappeared,missing
laughs,laugh
questioned,questioning
